Epochs,Training Loss,Validation Loss
0,0.9966609471192643,0.9246225528260494
1,0.875896315732503,0.8940087398315998
2,0.8043451060170996,0.8663641766030737
3,0.7332351299589628,0.8845801581727698
4,0.6759754918073411,0.9044678813599526
FINAL,,
